{
    "RandomSelection": {
        "10": [
            [
                18.94,
                47.64,
                54.86,
                63.019999999999996,
                67.12,
                65.75999999999999,
                66.88,
                74.02,
                75.53999999999999,
                77.72,
                77.8,
                78.0,
                78.22,
                78.9,
                80.47999999999999,
                81.16,
                81.0,
                81.64,
                82.36,
                83.16,
                84.46000000000001,
                84.48,
                84.32,
                84.3,
                84.82,
                84.8,
                85.06,
                85.36,
                86.24000000000001,
                86.9,
                86.72,
                87.12,
                87.24,
                88.1,
                88.62,
                88.72,
                88.46000000000001,
                88.38000000000001,
                88.68,
                88.44,
                88.22,
                88.74,
                88.72,
                89.12,
                89.2,
                89.2,
                89.64,
                90.12,
                90.38000000000001,
                90.36
            ]
        ]
    },
    "MarginSamplingSelection": {
        "10": [
            [
                23.44,
                26.919999999999998,
                60.4,
                63.85999999999999,
                67.0,
                72.42,
                75.24,
                76.16000000000001,
                77.72,
                79.56,
                80.4,
                82.96,
                83.78,
                86.46000000000001,
                86.76,
                86.78,
                87.9,
                88.92,
                89.34,
                89.2,
                89.78,
                90.5,
                90.32,
                91.18,
                91.4,
                91.72,
                92.06,
                92.52,
                92.75999999999999,
                93.2,
                93.46,
                93.32000000000001,
                93.47999999999999,
                93.62,
                93.96,
                93.94,
                94.3,
                94.14,
                94.39999999999999,
                94.94,
                95.08,
                94.92,
                95.0,
                94.84,
                94.96,
                95.16,
                95.26,
                95.44,
                95.36,
                95.58
            ]
        ]
    },
    "EntropySelection": {
        "10": [
            [
                5.319999999999999,
                37.44,
                49.86,
                56.379999999999995,
                56.08,
                57.440000000000005,
                61.86000000000001,
                59.4,
                63.92,
                71.74000000000001,
                72.88,
                79.25999999999999,
                80.58,
                80.9,
                79.74,
                79.24,
                82.08,
                82.86,
                82.89999999999999,
                83.72,
                83.06,
                83.1,
                83.6,
                84.38,
                84.36,
                85.58,
                85.82,
                85.98,
                86.5,
                87.38,
                87.72,
                87.83999999999999,
                88.36,
                88.46000000000001,
                88.72,
                88.74,
                89.25999999999999,
                89.16,
                89.25999999999999,
                88.8,
                88.88000000000001,
                89.58,
                89.18,
                89.56,
                89.14,
                90.56,
                90.75999999999999,
                90.62,
                90.9,
                91.28
            ]
        ]
    }
}